seed,model,split_strategy,rmse,mae,mse,r2,runtime_seconds,peak_gpu_memory_mb,device,metrics_path
42,persistence,spatial_tile,1.5689308578982168,1.0738111734390259,2.4615440368652344,0.9454840238524412,1.920000067912042e-05,0.0,analytical,C:\Users\Jupyter\Desktop\found_training_project\revision_outputs\cg_suite\E2_primary_multiseed\spatial_tile\grid_256\persistence\linear\split_seed_42\metrics.json
42,linear_trend,spatial_tile,2.034707515983107,1.4066822528839111,4.1400346755981445,0.9083103777158779,0.06602299999212846,0.0,analytical,C:\Users\Jupyter\Desktop\found_training_project\revision_outputs\cg_suite\E2_primary_multiseed\spatial_tile\grid_256\linear_trend\linear\split_seed_42\metrics.json
42,lasso,spatial_tile,1.3897747483689284,0.9727484583854675,1.9314738512039185,0.9572235220778814,7.088673000020208,265.14306640625,cuda,C:\Users\Jupyter\Desktop\found_training_project\revision_outputs\cg_suite\E2_primary_multiseed\spatial_tile\grid_256\lasso\linear\split_seed_42\metrics.json
42,random_forest,spatial_tile,1.45112997946968,0.985074520111084,2.105778217315674,0.95336319131774,112.24493539999821,0.0,cpu,C:\Users\Jupyter\Desktop\found_training_project\revision_outputs\cg_suite\E2_primary_multiseed\spatial_tile\grid_256\random_forest\linear\split_seed_42\metrics.json
42,lightgbm,spatial_tile,2.019831090984689,1.062949299812317,4.079717636108398,0.9096462256298706,9.210008299996844,16.25,gpu,C:\Users\Jupyter\Desktop\found_training_project\revision_outputs\cg_suite\E2_primary_multiseed\spatial_tile\grid_256\lightgbm\linear\split_seed_42\metrics.json
42,cnn_tcn,spatial_tile,7.514955994457507,4.771448612213135,56.47456359863281,-0.25074584646730136,3.7734207999892533,8572.96728515625,cuda,C:\Users\Jupyter\Desktop\found_training_project\revision_outputs\cg_suite\E2_primary_multiseed\spatial_tile\grid_256\cnn_tcn\linear\split_seed_42\metrics.json
42,cnn_lstm_maskaware,spatial_tile,7.524633009570031,4.7800397872924805,56.62010192871094,-0.2539690987061607,12.878528299974278,8765.04443359375,cuda,C:\Users\Jupyter\Desktop\found_training_project\revision_outputs\cg_suite\E2_primary_multiseed\spatial_tile\grid_256\cnn_lstm_maskaware\linear\split_seed_42\metrics.json
43,persistence,spatial_tile,1.7081644936220628,1.191810131072998,2.917825937271118,0.9454136445738573,8.980001439340413e-05,0.0,analytical,C:\Users\Jupyter\Desktop\found_training_project\revision_outputs\cg_suite\E2_primary_multiseed\spatial_tile\grid_256\persistence\linear\split_seed_43\metrics.json
43,linear_trend,spatial_tile,2.115038016408228,1.5138118267059326,4.473385810852051,0.9163124102664948,0.055117800016887486,0.0,analytical,C:\Users\Jupyter\Desktop\found_training_project\revision_outputs\cg_suite\E2_primary_multiseed\spatial_tile\grid_256\linear_trend\linear\split_seed_43\metrics.json
43,lasso,spatial_tile,1.4530274553271347,1.0355910062789917,2.1112887859344482,0.9605022505788884,5.9906970000010915,266.51806640625,cuda,C:\Users\Jupyter\Desktop\found_training_project\revision_outputs\cg_suite\E2_primary_multiseed\spatial_tile\grid_256\lasso\linear\split_seed_43\metrics.json
43,random_forest,spatial_tile,1.7384476828461195,1.073878288269043,3.022200345993042,0.9434610204547802,87.87746010001865,0.0,cpu,C:\Users\Jupyter\Desktop\found_training_project\revision_outputs\cg_suite\E2_primary_multiseed\spatial_tile\grid_256\random_forest\linear\split_seed_43\metrics.json
43,lightgbm,spatial_tile,2.5949125327361746,1.1682363748550415,6.7335710525512695,0.8740291282508466,4.82980450001196,17.25,gpu,C:\Users\Jupyter\Desktop\found_training_project\revision_outputs\cg_suite\E2_primary_multiseed\spatial_tile\grid_256\lightgbm\linear\split_seed_43\metrics.json
43,cnn_tcn,spatial_tile,8.10455237666302,4.910116672515869,65.68376922607422,-0.228804382120132,3.5193784999719355,8572.96728515625,cuda,C:\Users\Jupyter\Desktop\found_training_project\revision_outputs\cg_suite\E2_primary_multiseed\spatial_tile\grid_256\cnn_tcn\linear\split_seed_43\metrics.json
43,cnn_lstm_maskaware,spatial_tile,8.105707357180735,4.915291786193848,65.7024917602539,-0.22915473529861852,15.194528799998807,8765.04443359375,cuda,C:\Users\Jupyter\Desktop\found_training_project\revision_outputs\cg_suite\E2_primary_multiseed\spatial_tile\grid_256\cnn_lstm_maskaware\linear\split_seed_43\metrics.json
44,persistence,spatial_tile,1.465097878346903,1.0440624952316284,2.1465117931365967,0.9509176419400929,9.490002412348986e-05,0.0,analytical,C:\Users\Jupyter\Desktop\found_training_project\revision_outputs\cg_suite\E2_primary_multiseed\spatial_tile\grid_256\persistence\linear\split_seed_44\metrics.json
44,linear_trend,spatial_tile,1.968411734449157,1.3975318670272827,3.8746447563171387,0.911401970738117,0.05853680000291206,0.0,analytical,C:\Users\Jupyter\Desktop\found_training_project\revision_outputs\cg_suite\E2_primary_multiseed\spatial_tile\grid_256\linear_trend\linear\split_seed_44\metrics.json
44,lasso,spatial_tile,1.3025540480135636,0.9345317482948303,1.696647047996521,0.9612042942990886,6.172510400007013,266.11181640625,cuda,C:\Users\Jupyter\Desktop\found_training_project\revision_outputs\cg_suite\E2_primary_multiseed\spatial_tile\grid_256\lasso\linear\split_seed_44\metrics.json
44,random_forest,spatial_tile,1.5939149958154915,0.9677382111549377,2.540565013885498,0.9419071750636099,89.20741070000804,0.0,cpu,C:\Users\Jupyter\Desktop\found_training_project\revision_outputs\cg_suite\E2_primary_multiseed\spatial_tile\grid_256\random_forest\linear\split_seed_44\metrics.json
44,lightgbm,spatial_tile,2.470117600610535,1.0518370866775513,6.101480960845947,0.8604829027333651,4.772790000017267,17.25,gpu,C:\Users\Jupyter\Desktop\found_training_project\revision_outputs\cg_suite\E2_primary_multiseed\spatial_tile\grid_256\lightgbm\linear\split_seed_44\metrics.json
44,cnn_tcn,spatial_tile,7.636038872389567,4.557269096374512,58.30908966064453,-0.3333016722152484,4.799158400011947,8572.96728515625,cuda,C:\Users\Jupyter\Desktop\found_training_project\revision_outputs\cg_suite\E2_primary_multiseed\spatial_tile\grid_256\cnn_tcn\linear\split_seed_44\metrics.json
44,cnn_lstm_maskaware,spatial_tile,7.63848984417793,4.560973167419434,58.346527099609375,-0.33415774912582896,18.618476800009375,8765.04443359375,cuda,C:\Users\Jupyter\Desktop\found_training_project\revision_outputs\cg_suite\E2_primary_multiseed\spatial_tile\grid_256\cnn_lstm_maskaware\linear\split_seed_44\metrics.json
45,persistence,spatial_tile,1.5651321366318558,1.1003998517990112,2.449638605117798,0.9194453555214142,0.00010530001600272954,0.0,analytical,C:\Users\Jupyter\Desktop\found_training_project\revision_outputs\cg_suite\E2_primary_multiseed\spatial_tile\grid_256\persistence\linear\split_seed_45\metrics.json
45,linear_trend,spatial_tile,1.9634798750189655,1.434983491897583,3.855253219604492,0.8732227109228993,0.059540400019614026,0.0,analytical,C:\Users\Jupyter\Desktop\found_training_project\revision_outputs\cg_suite\E2_primary_multiseed\spatial_tile\grid_256\linear_trend\linear\split_seed_45\metrics.json
45,lasso,spatial_tile,1.4257530732179415,1.0286909341812134,2.0327718257904053,0.9331537275061154,9.056845399987651,265.73486328125,cuda,C:\Users\Jupyter\Desktop\found_training_project\revision_outputs\cg_suite\E2_primary_multiseed\spatial_tile\grid_256\lasso\linear\split_seed_45\metrics.json
45,random_forest,spatial_tile,1.4390128095002357,1.0193549394607544,2.0707578659057617,0.9319045879817187,173.0290476999944,0.0,cpu,C:\Users\Jupyter\Desktop\found_training_project\revision_outputs\cg_suite\E2_primary_multiseed\spatial_tile\grid_256\random_forest\linear\split_seed_45\metrics.json
45,lightgbm,spatial_tile,1.4630320828219083,1.0442707538604736,2.140462875366211,0.9296123839436843,5.4176090999972075,17.25,gpu,C:\Users\Jupyter\Desktop\found_training_project\revision_outputs\cg_suite\E2_primary_multiseed\spatial_tile\grid_256\lightgbm\linear\split_seed_45\metrics.json
45,cnn_tcn,spatial_tile,6.807307513062163,4.770812034606934,46.33943557739258,-0.523839739693448,3.654163100000005,8572.96728515625,cuda,C:\Users\Jupyter\Desktop\found_training_project\revision_outputs\cg_suite\E2_primary_multiseed\spatial_tile\grid_256\cnn_tcn\linear\split_seed_45\metrics.json
45,cnn_lstm_maskaware,spatial_tile,6.818299231240756,4.780675411224365,46.48920440673828,-0.528764703798025,7.169428399996832,8765.04443359375,cuda,C:\Users\Jupyter\Desktop\found_training_project\revision_outputs\cg_suite\E2_primary_multiseed\spatial_tile\grid_256\cnn_lstm_maskaware\linear\split_seed_45\metrics.json
46,persistence,spatial_tile,1.4870989250775883,1.058908462524414,2.211463212966919,0.9347789091450484,4.680000711232424e-05,0.0,analytical,C:\Users\Jupyter\Desktop\found_training_project\revision_outputs\cg_suite\E2_primary_multiseed\spatial_tile\grid_256\persistence\linear\split_seed_46\metrics.json
46,linear_trend,spatial_tile,1.930909545913405,1.381773829460144,3.7284116744995117,0.8900406367159708,0.06535140000050887,0.0,analytical,C:\Users\Jupyter\Desktop\found_training_project\revision_outputs\cg_suite\E2_primary_multiseed\spatial_tile\grid_256\linear_trend\linear\split_seed_46\metrics.json
46,lasso,spatial_tile,1.3468093643658265,0.9724681973457336,1.8138954639434814,0.9465040892036617,6.548409799986985,266.51220703125,cuda,C:\Users\Jupyter\Desktop\found_training_project\revision_outputs\cg_suite\E2_primary_multiseed\spatial_tile\grid_256\lasso\linear\split_seed_46\metrics.json
46,random_forest,spatial_tile,1.392020521843021,0.9666263461112976,1.9377211332321167,0.9428521848717469,91.15086099997279,0.0,cpu,C:\Users\Jupyter\Desktop\found_training_project\revision_outputs\cg_suite\E2_primary_multiseed\spatial_tile\grid_256\random_forest\linear\split_seed_46\metrics.json
46,lightgbm,spatial_tile,1.7664507395065252,1.0492970943450928,3.1203482151031494,0.9079738202179004,5.039243600011105,17.25,gpu,C:\Users\Jupyter\Desktop\found_training_project\revision_outputs\cg_suite\E2_primary_multiseed\spatial_tile\grid_256\lightgbm\linear\split_seed_46\metrics.json
46,cnn_tcn,spatial_tile,6.621993624320917,4.357426166534424,43.850799560546875,-0.293260054438494,3.006782700016629,8572.96728515625,cuda,C:\Users\Jupyter\Desktop\found_training_project\revision_outputs\cg_suite\E2_primary_multiseed\spatial_tile\grid_256\cnn_tcn\linear\split_seed_46\metrics.json
46,cnn_lstm_maskaware,spatial_tile,6.630424438055211,4.370077610015869,43.962528228759766,-0.2965551961323025,4.394217799999751,8765.04443359375,cuda,C:\Users\Jupyter\Desktop\found_training_project\revision_outputs\cg_suite\E2_primary_multiseed\spatial_tile\grid_256\cnn_lstm_maskaware\linear\split_seed_46\metrics.json
